DATE|ALL|STANDARD|DATABASE|POLICY|COLLECTION|ALL_ADDED|STANDARD_ADDED|DATABASE_ADDED|POLICY_ADDED|COLLECTION_ADDED
2014,11|1185|529|632|18|6|1185|529|632|18|6
2014,12|1|0|1|0|0|1186|529|633|18|6
2015,01|7|5|2|0|0|1193|534|635|18|6
2015,02|10|6|4|0|0|1203|540|639|18|6
2015,03|7|1|6|0|0|1210|541|645|18|6
2015,04|13|4|8|1|0|1223|545|653|19|6
2015,05|7|3|4|0|0|1230|548|657|19|6
2015,06|12|7|5|0|0|1242|555|662|19|6
2015,07|13|5|6|2|0|1255|560|668|21|6
2015,08|11|10|1|0|0|1266|570|669|21|6
2015,09|7|5|2|0|0|1273|575|671|21|6
2015,10|11|3|8|0|0|1284|578|679|21|6
2015,11|17|3|14|0|0|1301|581|693|21|6
2015,12|22|6|15|0|1|1323|587|708|21|7
2016,01|9|4|4|1|0|1332|591|712|22|7
2016,02|5|2|1|1|1|1337|593|713|23|8
2016,03|12|4|7|0|1|1349|597|720|23|9
2016,04|45|14|24|4|3|1394|611|744|27|12
2016,05|18|12|6|0|0|1412|623|750|27|12
2016,06|50|2|3|43|2|1462|625|753|70|14
2016,07|4|0|3|0|1|1466|625|756|70|15
2016,08|22|1|18|0|3|1488|626|774|70|18
2016,09|15|4|10|1|0|1503|630|784|71|18
2016,10|27|6|20|0|1|1530|636|804|71|19
2016,11|21|5|11|4|1|1551|641|815|75|20
2016,12|6|2|3|1|0|1557|643|818|76|20
2017,01|17|1|9|7|0|1574|644|827|83|20
2017,02|4|1|1|1|1|1578|645|828|84|21
2017,03|36|7|26|2|1|1614|652|854|86|22
2017,04|43|1|42|0|0|1657|653|896|86|22
2017,05|8|1|7|0|0|1665|654|903|86|22
2017,06|13|0|12|0|1|1678|654|915|86|23
2017,07|34|15|19|0|0|1712|669|934|86|23
2017,08|25|2|23|0|0|1737|671|957|86|23
2017,09|6|2|3|1|0|1743|673|960|87|23
2017,10|259|243|14|1|1|2002|916|974|88|24
2017,11|21|4|15|2|0|2023|920|989|90|24
2017,12|5|1|2|1|1|2028|921|991|91|25
2018,01|50|33|7|10|0|2078|954|998|101|25
2018,02|25|2|21|1|1|2103|956|1019|102|26
2018,03|65|37|24|2|2|2168|993|1043|104|28
2018,04|33|31|2|0|0|2201|1024|1045|104|28
2018,05|24|13|11|0|0|2225|1037|1056|104|28
2018,06|8|3|4|0|1|2233|1040|1060|104|29
2018,07|24|11|12|0|1|2257|1051|1072|104|30
2018,08|70|29|40|1|0|2327|1080|1112|105|30
2018,09|44|38|6|0|0|2371|1118|1118|105|30
2018,10|50|34|14|2|0|2421|1152|1132|107|30
2018,11|37|4|31|1|1|2458|1156|1163|108|31
2018,12|32|2|28|2|0|2490|1158|1191|110|31
2019,01|24|4|5|0|1|2514|1162|1196|110|32
2019,02|12|4|7|0|1|2526|1166|1203|110|33
2019,03|6|0|6|0|0|2532|1166|1209|110|33
2019,04|11|5|3|2|1|2543|1171|1212|112|34
2019,05|25|1|9|0|0|2568|1172|1221|112|34
2019,06|13|3|10|0|0|2581|1175|1231|112|34
2019,07|26|3|23|0|0|2607|1178|1254|112|34
2019,08|12|3|9|0|0|2619|1181|1263|112|34
2019,09|11|2|9|0|0|2630|1183|1272|112|34
2019,10|17|3|12|2|0|2647|1186|1284|114|34
2019,11|42|23|19|0|0|2689|1209|1303|114|34
2019,12|24|6|16|0|2|2713|1215|1319|114|36
2020,01|31|19|12|0|0|2744|1234|1331|114|36
2020,02|14|11|3|0|0|2758|1245|1334|114|36
2020,03|30|2|28|0|0|2788|1247|1362|114|36
2020,04|68|16|45|4|3|2856|1263|1407|118|39
2020,05|68|12|54|0|2|2924|1275|1461|118|41
2020,06|53|15|35|0|3|2977|1290|1496|118|44
2020,07|50|11|39|0|0|3027|1301|1535|118|44
2020,08|9|4|4|0|1|3036|1305|1539|118|45
2020,09|82|13|68|0|1|3118|1318|1607|118|46
2020,10|57|8|47|2|0|3175|1326|1654|120|46
2020,11|42|11|28|3|0|3217|1337|1682|123|46
2020,12|27|14|13|0|0|3244|1351|1695|123|46
2021,01|51|25|23|1|2|3295|1376|1718|124|48
2021,02|23|7|15|0|1|3318|1383|1733|124|49
2021,03|25|8|16|0|1|3343|1391|1749|124|50
2021,04|12|7|4|0|1|3355|1398|1753|124|51
2021,05|26|4|17|5|0|3381|1402|1770|129|51
2021,06|21|6|14|1|0|3402|1408|1784|130|51
2021,07|6|3|2|0|1|3408|1411|1786|130|52
2021,08|0|0|0|0|0|3408|1411|1786|130|52
2021,09|0|0|0|0|0|3408|1411|1786|130|52
2021,10|27|12|15|0|0|3435|1423|1801|130|52
2021,11|24|8|5|0|11|3459|1431|1806|130|63
2021,12|23|4|15|4|0|3482|1435|1821|134|63
2022,01|30|18|10|0|2|3512|1453|1831|134|65
2022,02|24|6|17|1|0|3536|1459|1848|135|65
2022,03|22|11|10|1|0|3558|1470|1858|136|65
2022,04|13|6|6|1|0|3571|1476|1864|137|65
2022,05|30|6|24|0|0|3601|1482|1888|137|65
2022,06|17|9|6|1|1|3618|1491|1894|138|66
2022,07|15|4|8|2|1|3633|1495|1902|140|67
2022,08|20|6|11|2|1|3653|1501|1913|142|68
2022,09|28|7|18|3|0|3681|1508|1931|145|68
2022,10|31|9|22|0|0|3712|1517|1953|145|68
2022,11|30|16|11|2|1|3742|1533|1964|147|69
2022,12|17|10|5|1|1|3759|1543|1969|148|70
2023,01|12|0|10|2|0|3771|1543|1979|150|70
2023,02|10|1|7|2|0|3781|1544|1986|152|70
2023,03|39|28|10|1|0|3820|1572|1996|153|70
2023,04|17|3|12|0|2|3837|1575|2008|153|72
2023,05|40|29|8|1|2|3877|1604|2016|154|74
2023,06|40|25|14|1|0|3917|1629|2030|155|74
2023,07|19|10|7|1|1|3936|1639|2037|156|75
2023,08|9|2|7|0|0|3945|1641|2044|156|75
2023,09|11|4|7|0|0|3956|1645|2051|156|75
2023,10|40|26|10|1|3|3996|1671|2061|157|78
2023,11|33|11|11|11|0|4029|1682|2072|168|78
2023,12|19|9|8|2|0|4048|1691|2080|170|78
2024,01|13|3|10|0|0|4061|1694|2090|170|78
2024,02|103|12|8|83|0|4164|1706|2098|253|78
2024,03|23|15|7|0|1|4187|1721|2105|253|79
2024,04|29|11|17|0|1|4216|1732|2122|253|80
2024,05|17|1|6|9|1|4233|1733|2128|262|81
2024,06|17|9|3|5|0|4250|1742|2131|267|81
2024,07|85|3|70|11|1|4335|1745|2201|278|82
2024,08|44|7|29|6|2|4379|1752|2230|284|84
2024,09|66|9|23|32|2|4445|1761|2253|316|86
2024,10|48|23|21|4|0|4493|1784|2274|320|86
2024,11|46|20|12|14|0|4539|1804|2286|334|86
2024,12|16|3|6|7|0|4555|1807|2292|341|86
2025,01|30|5|8|15|2|4585|1812|2300|356|88
2025,02|66|24|39|1|2|4651|1836|2339|357|90
2025,03|34|14|14|1|2|4685|1850|2353|358|92
2025,04|24|13|9|2|0|4709|1863|2362|360|92
2025,05|38|21|9|1|2|4747|1884|2371|361|94
2025,06|27|14|6|1|3|4774|1898|2377|362|97
2025,07|71|7|61|2|1|4845|1905|2438|364|98
2025,08|83|3|79|0|1|4928|1908|2517|364|99
2025,09|132|1|92|1|0|5060|1909|2609|365|99
2025,10|106|17|83|2|1|5166|1926|2692|367|100
2025,11|139|6|133|0|0|5305|1932|2825|367|100
2025,12|29|1|2|0|20|5334|1933|2827|367|120
2026,01|35|12|20|2|0|5369|1945|2847|369|120
2026,02|163|2|146|2|1|5532|1947|2993|371|121
2026,03|117|5|77|2|2|5649|1952|3070|373|123
2026,04|85|3|73|0|0|5734|1955|3143|373|123
2026,05|8|1|7|0|0|5742|1956|3150|373|123
2026,06|94|19|4|43|1|5836|1975|3154|416|124
2026,07|180|4|128|25|0|6016|1979|3282|441|124
2026,08|15|2|7|1|0|6031|1981|3289|442|124
2026,09|0|0|0|0|0|6031|1981|3289|442|124
